Sex,sample_size,yes_count,no_count,proportion
Female,6940,2580,4360,0.37175792507204614
Male,6893,1567,5326,0.22733207601914987
