sex,n,sad_yes,sad_proportion,sad_percent
Female,6940,2580,0.37175792507204614,37.17579250720461
Male,6893,1567,0.22733207601914987,22.733207601914987
