Sex,No,Yes
Female,0.6282420749279539,0.37175792507204614
Male,0.7726679239808502,0.22733207601914987
